{
  "Random Forest": {
    "f1": {
      "mean": 0.8951266373727153,
      "std": 0.0034114134974297583,
      "folds": [
        0.8951890034364262,
        0.9007305543618392,
        0.8930434782608696,
        0.8905047048759623,
        0.8961654459284791
      ]
    },
    "precision": {
      "mean": 0.8954896761595268,
      "std": 0.006019641502162906,
      "folds": [
        0.8928877463581834,
        0.8995708154506438,
        0.9024604569420035,
        0.8852040816326531,
        0.8973252804141502
      ]
    },
    "recall": {
      "mean": 0.8948188471864571,
      "std": 0.005988985687071195,
      "folds": [
        0.8975021533161068,
        0.9018932874354562,
        0.8838209982788297,
        0.8958691910499139,
        0.8950086058519794
      ]
    },
    "accuracy": {
      "mean": 0.9246520259820599,
      "std": 0.0024945060505605792,
      "folds": [
        0.9245283018867925,
        0.928549334982988,
        0.9239096814104547,
        0.9208165790287659,
        0.9254562326012991
      ]
    },
    "roc_auc": {
      "mean": 0.9576359676116907,
      "std": 0.0016903628026095044,
      "folds": [
        0.957534777302219,
        0.9594259634939011,
        0.9596545109873169,
        0.9560328642984715,
        0.9555317219765451
      ]
    }
  },
  "XGBoost": {
    "f1": {
      "mean": 0.8930723924342111,
      "std": 0.0040749027845566185,
      "folds": [
        0.8898414059151307,
        0.8960817717206133,
        0.8972043010752688,
        0.8867120954003407,
        0.8955223880597015
      ]
    },
    "precision": {
      "mean": 0.8869627093542569,
      "std": 0.006070417991780007,
      "folds": [
        0.8856655290102389,
        0.8870151770657673,
        0.8968185726569218,
        0.8777403035413154,
        0.8875739644970414
      ]
    },
    "recall": {
      "mean": 0.8992932972198873,
      "std": 0.0044096959428289425,
      "folds": [
        0.8940568475452196,
        0.9053356282271945,
        0.8975903614457831,
        0.8958691910499139,
        0.9036144578313253
      ]
    },
    "accuracy": {
      "mean": 0.9226105784101455,
      "std": 0.0030520003423554587,
      "folds": [
        0.920507268790597,
        0.9245283018867925,
        0.9260748530776368,
        0.917723476647077,
        0.9242189916486235
      ]
    },
    "roc_auc": {
      "mean": 0.9586110598783826,
      "std": 0.001922144799684544,
      "folds": [
        0.9584220848755731,
        0.9619476734280711,
        0.9591521220426993,
        0.9570895847998464,
        0.9564438342457227
      ]
    }
  },
  "Feedforward NN": {
    "f1": {
      "mean": 0.8482602988169801,
      "std": 0.017348796848828583,
      "folds": [
        0.8822269807280514,
        0.8416833667334669,
        0.8344,
        0.8449799196787149,
        0.8380112269446672
      ]
    },
    "precision": {
      "mean": 0.8042528453369927,
      "std": 0.03677677012266206,
      "folds": [
        0.8773424190800682,
        0.7876969242310577,
        0.7795216741405082,
        0.7921686746987951,
        0.7845345345345346
      ]
    },
    "recall": {
      "mean": 0.8986036430698802,
      "std": 0.006368202498320606,
      "folds": [
        0.8871662360034454,
        0.9036144578313253,
        0.8975903614457831,
        0.9053356282271945,
        0.8993115318416524
      ]
    },
    "accuracy": {
      "mean": 0.8840705227343026,
      "std": 0.015700534065836606,
      "folds": [
        0.9149396845035571,
        0.8778224559232911,
        0.8719455613980823,
        0.880606248066811,
        0.8750386637797711
      ]
    },
    "roc_auc": {
      "mean": 0.9281073889317183,
      "std": 0.00846507256013479,
      "folds": [
        0.943338895373779,
        0.9269695184130327,
        0.9293881742047171,
        0.918812866143473,
        0.9220274905235899
      ]
    }
  }
}